<events>
    <event>
        <name>com.simicart.core.catalog.product.block.ProductBlock</name>	    
	    <package>com.simicart.plugins.rewardpoint</package>
	    <class>RewardPointView</class>
	    <method>additem_reward_detail</method>	
	    <sku>simi_developer</sku>    
    </event> 
    <event>
        <name>com.simicart.add.navigation.account</name>	    
	    <package>com.simicart.plugins.rewardpoint</package>
	    <class>RewardPointView</class>
	    <method>additem_reward_slidemenu</method>	
	    <sku>simi_developer</sku>    
    </event>
    <event>
    	<name>com.simicart.remove.navigation.myaccount</name>
    	<package>com.simicart.plugins.rewardpoint</package>
    	<class>RewardPointView</class>
    	<method>removeitem_reward_slidemenu</method>
    	<sku>simi_developer</sku>
    </event>
    <event>
        <name>com.simicart.core.customer.controller.SignInController</name>
        <package>com.simicart.plugins.rewardpoint</package>
    	<class>RewardPointView</class>
	    <method>updateItemReward</method>	
	    <sku>simi_developer</sku>
    </event>
    <event>
        <name>com.simicart.core.customer.block.MyAccountBlock</name>            
        <package>com.simicart.plugins.rewardpoint</package>
        <class>RewardPointPlugin</class>
        <method>additem_reward_point</method>        
        <sku>simi_developer</sku> 
    </event>
    <event>
        <name>com.simicart.leftmenu.slidemenucontroller.onnavigate.clickitem</name>	    
	    <package>com.simicart.plugins.rewardpoint</package>
	    <class>RewardPointView</class>
	    <method>clickitem_reward_slidemenu</method>	
	    <sku>simi_developer</sku>    
    </event> 
    <event>
        <name>com.simicart.core.checkout.block.CartBlock</name>	    
	    <package>com.simicart.plugins.rewardpoint</package>
	    <class>RewardPointView</class>
	    <method>additem_reward_card</method>	
	    <sku>simi_developer</sku>    
    </event> 
    <event>
        <name>com.simicart.core.checkout.block.ReviewOrderBlock</name>	    
	    <package>com.simicart.plugins.rewardpoint</package>
	    <class>RewardPointView</class>
	    <method>additem_reward_revieworder</method>	
	    <sku>simi_developer</sku>    
    </event> 
    <event>  
        <name>com.simicart.core.catalog.fragment.BasicInforFragment</name>	    
	    <package>com.simicart.plugins.rewardpoint</package>
	    <class>RewardPointView</class>
	    <method>additem_reward_detail_infor</method>	
	    <sku>simi_developer</sku>    
    </event>  
    <event>
        <name>com.simicart.core.common.price.TotalPriceView</name>	    
	    <package>com.simicart.plugins.rewardpoint</package>
	    <class>RewardPointView</class>
	    <method>addDiscount</method>	
	    <sku>simi_developer</sku>     
    </event>
    <event>
        <name>com.simicart.core.customer.block.MyAccountBlock</name>            
        <package>com.simicart.plugins.rewardpoint</package>
        <class>RewardPointView</class>
        <method>additem_reward_point</method>        
        <sku>simi_developer</sku> 
    </event>
</events>
  